classifier,0
FGA,0.1520032154340836
Purity-FGA,0.14613504823151124
Staging-FGA,0.15480707395498394
Subtyping-FGA,0.15891318327974274
Staging-Purity-FGA,0.15559807073954982
Subtyping-Purity-FGA,0.22917684887459808
Subtyping-Staging-FGA,0.19294212218649517
Subtyping-Staging-Purity-FGA,0.1790353697749196
