classifier,0
Purity,0.12275879396984923
Purity-FGA,0.12429396984924623
Staging-Purity,0.13590703517587938
Subtyping-Purity,0.16062562814070352
Staging-Purity-FGA,0.1397713567839196
Subtyping-Purity-FGA,0.1303065326633166
Subtyping-Staging-Purity,0.14530904522613064
Subtyping-Staging-Purity-FGA,0.17195728643216082
